disease,severity,name,image,link
Alopecia Areata,Low,Indulekha Bringha Hair Oil,https://www.indulekha.co.in/cdn/shop/files/11997_S1-8901030929496.jpg?v=1692008732&width=1000,https://www.indulekha.co.in/products/bringha-ayurvedic-hair-growth-oil-100ml?srsltid=AfmBOoqhkbAHnLOrM74dfNixXyzOMMuam2PBOSyjk81kqXFQZ27yJPVI
Alopecia Areata,Low,Biotique Bio Bhringraj Oil,https://rukminim1.flixcart.com/image/1536/1536/xif0q/hair-oil/f/a/d/120-0-bio-bhringraj-biotique-original-imahcksgx9fcspgc.jpeg?q=90,"https://www.flipkart.com/biotique-bio-bhringraj-hair-oil/p/itmf3jypmgwecya6?pid=HOLEEHPAGZWHYGCM&lid=LSTHOLEEHPAGZWHYGCMONLWUV&marketplace=FLIPKART&cmpid=content_hair-oil_23231663444_g_8965229628_gmc_pla&tgi=sem,1,G,11214002,g,search,,782643135339,,,,c,,,,,,,&entryMethod=23231663444&&cmpid=content_23231663444_gmc_pla&gad_source=1&gad_campaignid=23231663444&gbraid=0AAAAADxRY59den12Ic4XFa-UBc2ZHWoEx&gclid=Cj0KCQiAqeDMBhDcARIsAJEbU9RGYy0z0VVOmDsttL9xr0ua2RRDn6Meybr2-1IVXILzzSNQXIyjatQaAvJkEALw_wcB"
Alopecia Areata,Low,WOW Onion Black Seed Oil,https://www.bbassets.com/media/uploads/p/l/40264254_3-wow-skin-science-wow-skin-science-onion-black-seed-hair-oil-200-ml.jpg,https://www.bigbasket.com/pd/40264254/wow-skin-science-wow-skin-science-onion-black-seed-hair-oil-200-ml-200-ml/?z=Ga9BX3pQL&utm_source=google&utm_medium=cpc&utm_term=%7Bkeyword%7D&utm_campaign=Global-PLA%2F
Alopecia Areata,Low,Mamaearth Onion Hair Oil,https://images.mamaearth.in/catalog/product/_/o/_onion-oil-250ml__1_1_1.jpeg?format=auto&height=600,https://mamaearth.in/product/onion-hair-oil-for-hair-regrowth-hair-fall-control-with-redensyl-250ml?srsltid=AfmBOopgr6862r-COwpLV2G6w9zskUNdmljDnQT5i5D4ThY16w2B7tBL
Alopecia Areata,Low,Khadi Natural Amla Oil,https://www.khadinatural.com/cdn/shop/files/Artboard_7_b786136a-19a2-4258-a8a6-639001db5342.jpg?v=1765612126&width=1000,https://www.khadinatural.com/products/khadi-pure-amla-hair-oil?variant=40550681706547&country=IN&currency=INR&utm_medium=product_sync&utm_source=google&utm_content=sag_organic&utm_campaign=sag_organic&utm_source=google&utm_medium=cpc&utm_campaign=21260639027&utm_term=&utm_content=&utm_matchtype=&utm_device=c&utm_ad=&gad_source=1&gad_campaignid=23579126366&gbraid=0AAAAADcU-sqN91r0H11Dn0gb1rit-pDaB&gclid=Cj0KCQiAqeDMBhDcARIsAJEbU9RVHPKcyL7e9fvmUQoHCkGjTZTuB-Jnk4-QGX98lcP6NfWANPHiuA4aAn8XEALw_wcB
Alopecia Areata,Low,UrbanBotanics Castor Oil,https://www.mywishcare.com/cdn/shop/files/1_42648297-ceed-40fd-8600-5def6bac479d.jpg?v=1706700188&width=700,https://www.mywishcare.com/products/cold-pressed-castor-oil?variant=30291671973935&country=IN&currency=INR&utm_medium=product_sync&utm_source=google&utm_content=sag_organic&utm_campaign=sag_organic&gad_source=1&gad_campaignid=22589783015&gbraid=0AAAAACgwyhoLTAceVdnCWN8L19-UCHcZ_&gclid=Cj0KCQiAqeDMBhDcARIsAJEbU9RWQK0ltccs18bRWJXuyxP7pYOwwXqGUO_dHKrfmYavn9VvM0HzBzMaAkTGEALw_wcB
Alopecia Areata,Low,St.Botanica Argan Hair Oil,https://www.bbassets.com/media/uploads/p/l/40140554_5-stbotanica-moroccan-argan-hair-oil-jojoba-almond-castor-olive-avocado-rosemary-oils.jpg,https://www.bigbasket.com/pd/40140554/stbotanica-moroccan-argan-hair-oil-jojoba-almond-castor-olive-avocado-rosemary-oils-200-ml/
Alopecia Areata,Low,Plum Onion Hair Serum,https://rukminim1.flixcart.com/image/1536/1536/xif0q/hair-oil/z/c/r/100-0-onion-oil-with-bhringraj-amla-for-hairfall-control-hair-original-imahertnh424bqtv.jpeg?q=90,"https://www.flipkart.com/plum-onion-oil-bhringraj-amla-hairfall-control-hair-growth/p/itm379a68385fadf?pid=HOLGEMKEQU3HXWXS&lid=LSTHOLGEMKEQU3HXWXSPUNVKZ&marketplace=FLIPKART&cmpid=content_hair-oil_23231663444_g_8965229628_gmc_pla&tgi=sem,1,G,11214002,g,search,,782643135339,,,,c,,,,,,,&entryMethod=23231663444&&cmpid=content_23231663444_gmc_pla&gad_source=1&gad_campaignid=23231663444&gbraid=0AAAAADxRY59den12Ic4XFa-UBc2ZHWoEx&gclid=Cj0KCQiAqeDMBhDcARIsAJEbU9QD8C2uGbHVBDB4LU9_3m6BBHsYVFaTG_6iVHWSxnfza916MuW_s2YaAo9sEALw_wcB"
Alopecia Areata,Moderate,Mintop 5% Solution,"https://images.apollo247.in/pub/media/catalog/product/m/i/mintop_forte_5_pdp-01.jpg?tr=w-264,q-80,f-webp,dpr-false,c-at_max",https://www.apollopharmacy.in/medicine/mintop-forte-lotion-60ml?utm_source=gmc&utm_source=google&utm_medium=pmax&campaignid=22434256725&adgroupid=&keyword=&device=c&adtype=pla&product_id=MIN0022&utm_campaign=Pmax_Pharma_PLProducts_Topcities_TCPA_1404&utm_content=[adgroup]&gad_source=1&gad_campaignid=22440708134&gbraid=0AAAAACXO180kjVvDlks_5zjxeRwSzvGVH&gclid=Cj0KCQiAqeDMBhDcARIsAJEbU9RD-hJd9EgBulzKiTZbLRjpjQlcJb4r4H4po_WpoLZy6RgXNnUtKx4aAt0AEALw_wcB
Alopecia Areata,Moderate,Tugain 5% Foam,"https://cdn.zeptonow.com/production/ik-seo/tr:w-470,ar-690-700,pr-true,f-auto,,q-40,dpr-2/cms/product_variant/eef0198d-76ae-45e2-8f07-491dd19896fe/Tugain-5-Foam.jpeg",https://www.zepto.com/pn/tugain-5-foam/pvid/74b5fb96-9a02-45cb-ac24-6a95f3f8ae37?srsltid=AfmBOopVvhhxcZf7PTldHdUQQea7sng89JMcPMCn4tVio2el3kXwMgKk
Alopecia Areata,Moderate,Morr F 5% Topical Solution,"https://images.apollo247.in/pub/media/catalog/product/M/O/MOR0004_1.jpg?tr=w-264,q-80,f-webp,dpr-false,c-at_max",https://www.apollopharmacy.in/medicine/morr-forte-5-solution-60ml?utm_source=gmc&utm_source=google&utm_medium=pmax&campaignid=22434256725&adgroupid=&keyword=&device=c&adtype=pla&product_id=MOR0004&utm_campaign=Pmax_Pharma_PLProducts_Topcities_TCPA_1404&utm_content=[adgroup]&gad_source=1&gad_campaignid=22440708134&gbraid=0AAAAACXO180kjVvDlks_5zjxeRwSzvGVH&gclid=Cj0KCQiAqeDMBhDcARIsAJEbU9TTJ0a6G25LVDmlQn6h7bF_ocN5QWRl1XWkTWA9T2KWWdOxnhl7evMaAvDJEALw_wcB
Alopecia Areata,Moderate,Hair4U 5% Spray,https://cdn01.pharmeasy.in/dam/productsnowatermark/I42413/new-hair-4u-5-bottle-of-60ml-spray-solution-box-front-1-1756953696-non-watermarked.jpg?dim=320x320&dpr=1&q=100,https://pharmeasy.in/online-medicine-order/new-hair-4u-5-hair-spray-bottle-of-60-ml-216670
Alopecia Areata,Moderate,Coverit 5% Lotion,https://cdn01.pharmeasy.in/dam/productsnowatermark/048875/coverit-5-solu-60ml-box-front-1-1756894310-non-watermarked.jpg?dim=320x320&dpr=1&q=100,https://pharmeasy.in/online-medicine-order/coverit-5-solu-60ml-42215?pincode=122015&utm_source=google&utm_medium=cpc&utm_campaign=Performance_Max_All_Products_ROAS_16072024&gad_source=1&gad_campaignid=21466163415&gbraid=0AAAAAB9teDroJOQqbuf0YjsVFTL-zymEf&gclid=Cj0KCQiAqeDMBhDcARIsAJEbU9SM0iJXkMXARMN4DUa4noh3PHD5nB0T5OiBBpyWzIh3_gj2vHWPS3oaAo-PEALw_wcB
Alopecia Areata,Moderate,Regaine 5% Foam,"https://images.apollo247.in/pub/media/catalog/product/R/E/REG0098_1_1.jpg?tr=w-264,q-80,f-webp,dpr-false,c-at_max",https://www.apollopharmacy.in/medicine/regaine-5-lotion-60ml?utm_source=gmc&utm_source=google&utm_medium=pmax&campaignid=22434256725&adgroupid=&keyword=&device=c&adtype=pla&product_id=REG0098&utm_campaign=Pmax_Pharma_PLProducts_Topcities_TCPA_1404&utm_content=[adgroup]&gad_source=1&gad_campaignid=22440708134&gbraid=0AAAAACXO180kjVvDlks_5zjxeRwSzvGVH&gclid=Cj0KCQiAqeDMBhDcARIsAJEbU9Qmda82OUdEdrFH54nvHiRbBjWJ7FsujcHIRj92s8c5PLj-vliwCQUaAsdjEALw_wcB
Alopecia Areata,Moderate,Brintop F 5% Solution,https://assets.truemeds.in/Images/ProductImage/TM-LOES1-000043/brintop-f-5-solution-100ml_brintop-f-5-solution-100ml--TM-LOES1-000043_1.png?width=320,https://www.truemeds.in/medicine/brintop-f-5-0-1--solution-100-ml-TM-LOES1-000043
Alopecia Areata,Moderate,Adgain 5% Solution,"https://images.apollo247.in/pub/media/catalog/product/T/U/TUG0002_1_1.jpg?tr=w-264,q-80,f-webp,dpr-false,c-at_max",https://www.apollopharmacy.in/medicine/tugain-5-topical-solution-60ml?utm_source=gmc&utm_source=google&utm_medium=pmax&campaignid=22434256725&adgroupid=&keyword=&device=c&adtype=pla&product_id=TUG0002&utm_campaign=Pmax_Pharma_PLProducts_Topcities_TCPA_1404&utm_content=[adgroup]&gad_source=1&gad_campaignid=22440708134&gbraid=0AAAAACXO180kjVvDlks_5zjxeRwSzvGVH&gclid=Cj0KCQiAqeDMBhDcARIsAJEbU9S4h5gMVdA64Amver0Sk5auIUO6rAjMD-ogUGAerI3UPeAvXbIHuLsaAileEALw_wcB
Alopecia Areata,High,Tugain 10% Solution,https://www.clinikally.com/cdn/shop/products/Ciplatugain10hairgaintreatment.jpg?v=1668252421&width=800,https://www.clinikally.com/products/tugain-10-solution?currency=INR&variant=43587322118391&stkn=aa4fff04d0da&utm_campaign=P-Max&utm_source=Google&utm_medium=Shopping+Ad&gad_source=1&gad_campaignid=17519849480&gbraid=0AAAAABUpsHLLZs8V1Sd2lniGh_oNobbVZ&gclid=Cj0KCQiAqeDMBhDcARIsAJEbU9TOEAaspKyYySsKJJJJKqoTdW0qUnj5fqfnrPDsib03a4SVUjROpM8aAmABEALw_wcB
Alopecia Areata,High,Morr 10% Topical Solution,https://www.clinikally.com/cdn/shop/products/Morr10_60ml_1.jpg?v=1675060227&width=800,https://www.clinikally.com/products/morr-10-solution?currency=INR&variant=43724556927223&stkn=aa4fff04d0da&utm_campaign=P-Max&utm_source=Google&utm_medium=Shopping+Ad&gad_source=1&gad_campaignid=17519849480&gbraid=0AAAAABUpsHLLZs8V1Sd2lniGh_oNobbVZ&gclid=Cj0KCQiAqeDMBhDcARIsAJEbU9RkGl9_RTUL6PmTJhIyzzKuRJmz22z19q5hWke0MnK8Lrrv_FAhy_caAsvlEALw_wcB
Alopecia Areata,High,Baricitinib (Olumiant) & Ritlecitinib,https://5.imimg.com/data5/SELLER/Default/2025/1/479495989/XW/SS/QF/235552336/4mg-olumiant-baricitinib-tablets.jpg,https://www.indiamart.com/proddetail/olumiant-baricitinib-4mg-tablets-2855470532948.html?srsltid=AfmBOopROYx0Jdt2vBGdlfWBpTqOXlX6cjtKUutRpTZfMC-SPbliav1E
Alopecia Areata,High,Proanagen Tablet,"https://images.apollo247.in/pub/media/catalog/product/p/r/pro0975_1.jpg?tr=w-264,q-80,f-webp,dpr-false,c-at_max",https://www.apollopharmacy.in/otc/proanagen-tablet?utm_source=google&utm_medium=pmax&campaignid=22434256725&adgroupid=&keyword=&device=c&adtype=pla&product_id=pro0975&utm_campaign=Pmax_Pharma_PLProducts_Topcities_TCPA_1404&utm_content=[adgroup]&gad_source=1&gad_campaignid=22440708134&gbraid=0AAAAACXO180kjVvDlks_5zjxeRwSzvGVH&gclid=Cj0KCQiAqeDMBhDcARIsAJEbU9RshJRRjPMxQ0KccXV4Cyz8Bev1F7TieIZ7-lNmSlJHjDhEV8PmwPYaAhp1EALw_wcB
Alopecia Areata,High,Trigaine Caffeine Serum,https://m.media-amazon.com/images/I/811O6s6IQKL.jpg,https://www.nykaa.com/trigaine-anti-frizz-hair-serum-detangles-controls-frizz-repairs-dry-hair-argan-oil-vitamin/p/19571291?ptype=product&skuId=19571291&srsltid=AfmBOoq9W_wv37ODPbe-74i2C9IGjBoSb0AGVksFeqSNWOELL_HoJVKiM58
Alopecia Areata,High,Anasure Tablet,"https://images.apollo247.in/pub/media/catalog/product/a/n/ana0355_1_1_.jpg?tr=w-264,q-80,f-webp,dpr-false,c-at_max",https://www.apollopharmacy.in/medicine/anasure-2-5-tablet-15-s?srsltid=AfmBOoqT5IXYy97x93XKlCJxZtHmqX-bIYYsFR93F0KPmxeqKBcjmzE_
Contact Dermatitis,Low,Cetaphil Gentle Cleanser,https://assets.truemeds.in/Images/ProductImage/TM-LOES1-000749/cetaphil-gentle-skin-cleanser-125ml--TM-LOES1-000749_1.png?width=320,https://www.truemeds.in/otc/cetaphil-gentle-skin-cleanser-125-ml-tm-loes1-000749
Contact Dermatitis,Low,Aveeno Daily Moisturizing Lotion,https://rukminim1.flixcart.com/image/1536/1536/xif0q/moisturizer-cream/y/k/y/-original-imahyuztgakgmgac.jpeg?q=90,"https://www.flipkart.com/aveeno-daily-moisturizing-lotion-nourishes-normal-dry-sensitive-skin-oats/p/itm2b99f8d84955c?pid=MSCF8WBKKRCHTH9G&lid=LSTMSCF8WBKKRCHTH9GJ26PPX&marketplace=FLIPKART&cmpid=content_moisturizer-cream_23231663444_g_8965229628_gmc_pla&tgi=sem,1,G,11214002,g,search,,782643135339,,,,c,,,,,,,&entryMethod=23231663444&&cmpid=content_23231663444_gmc_pla&gad_source=1&gad_campaignid=23231663444&gbraid=0AAAAADxRY59den12Ic4XFa-UBc2ZHWoEx&gclid=Cj0KCQiAqeDMBhDcARIsAJEbU9QwluY9aVnSdo6CmtHEWiTtHD9jREZURgtHqCXA7veBcYWWeoLbbpAaAs7xEALw_wcB"
Contact Dermatitis,Low,Physiogel Hypoallergenic Cream,https://assets.truemeds.in/Images/ProductImage/TM-LOES1-001951/physiogel-hypoallergenic-daily-moisture-therapy-body-lotion-100ml_physiogel-hypoallergenic-daily-moisture-therapy-body-lotion-100ml--TM-LOES1-001951_1.png?width=320,https://www.truemeds.in/otc/physiogel-hypoallergenic-daily-moisture-therapy-body-lotion-100-ml-tm-loes1-001951
Contact Dermatitis,Low,Sebamed Moisturizing Cream,https://cdn01.pharmeasy.in/dam/products_otc/196236/sebamed-moisturizing-cream-50-ml-ph-55-normal-dry-skin-with-2-vitamin-e-prevents-premature-aging-1-1669634890.jpg?dim=700x0&dpr=1&q=100,https://pharmeasy.in/health-care/products/sebamed-moisturizing-cream---50ml-172712?pincode=400078&utm_source=google&utm_medium=cpc&utm_campaign=Performance_Max_All_Products_ROAS_16072024&gad_source=1&gad_campaignid=21466163415&gbraid=0AAAAAB9teDroJOQqbuf0YjsVFTL-zymEf&gclid=Cj0KCQiAqeDMBhDcARIsAJEbU9Q5NCmJOaCWgBoDmbqGe8SjiJQ7CQSat9yyVj3d6NC7iRFLf5-d6iUaAiLhEALw_wcB
Contact Dermatitis,Low,Bioderma Atoderm Cream,"https://images.apollo247.in/pub/media/catalog/product/B/I/BIO1836_1.jpg?tr=w-264,q-80,f-webp,dpr-false,c-at_max",https://www.apollopharmacy.in/otc/bioderma-atoderm-creme-ultra-nourrissant-200ml?utm_source=gmc&utm_source=google&utm_medium=pmax&campaignid=22434256725&adgroupid=&keyword=&device=c&adtype=pla&product_id=BIO1836&utm_campaign=Pmax_Pharma_PLProducts_Topcities_TCPA_1404&utm_content=[adgroup]&gad_source=1&gad_campaignid=22440708134&gbraid=0AAAAACXO180kjVvDlks_5zjxeRwSzvGVH&gclid=Cj0KCQiAqeDMBhDcARIsAJEbU9SPXMkp1N0reJPGA5Fx7j-31hk6K2PSOqTG8g4-Y7Tj_-qr4DlopRIaAq_1EALw_wcB
Contact Dermatitis,Low,Venusia Max Cream,https://www.drreddysvenusia.com/cdn/shop/files/VENUS00000002_1.jpg?v=1768983816&width=1200,https://www.drreddysvenusia.com/products/venusia_max_intensive_150?srsltid=AfmBOooh8rlWrh2Gmk75oASk7qFlrjiCM0MgOhlNKUHcDpcTpzrzBjuX
Contact Dermatitis,Low,Moiz MM Cream,https://assets.truemeds.in/Images/ProductImage/TM-COOM1-001517/moiz-mm-cream-150gm_moiz-mm-cream-150gm--TM-COOM1-001517_1.png?width=320,https://www.truemeds.in/otc/moiz-mm-2-cream-150-gm-tm-coom1-001517
Contact Dermatitis,Low,Hydranet Lotion,https://rukminim1.flixcart.com/image/1536/1536/xif0q/moisturizer-cream/l/l/6/100-moisturising-lotion-hydranet-lotion-original-imagpyh6zethxmgh.jpeg?q=90,"https://www.flipkart.com/hydranet-moisturising-lotion/p/itmbce0eaba30035?pid=MSCGPYH7CX4GHB4D&lid=LSTMSCGPYH7CX4GHB4DZVARDW&marketplace=FLIPKART&cmpid=content_moisturizer-cream_23231663444_g_8965229628_gmc_pla&tgi=sem,1,G,11214002,g,search,,782643135339,,,,c,,,,,,,&entryMethod=23231663444&&cmpid=content_23231663444_gmc_pla&gad_source=1&gad_campaignid=23231663444&gbraid=0AAAAADxRY59den12Ic4XFa-UBc2ZHWoEx&gclid=Cj0KCQiAqeDMBhDcARIsAJEbU9SLNQEyXsx-JXFeAE_s5JpApy6mjb5ZPKOOCedurM1kP5AhpAokJbMaAgZ5EALw_wcB"
Contact Dermatitis,Moderate,Candid Cream,https://cdn01.pharmeasy.in/dam/products_otc/I11276/candid-clotrimazole-cream-tube-50-gm-1-1738230786.jpg?dim=700x0&dpr=1&q=100,https://pharmeasy.in/health-care/products/candid-cream-50gm-190532
Contact Dermatitis,Moderate,Clocip Cream,https://cdn01.pharmeasy.in/dam/products/043785/clocip-tube-of-15gm-cream-3-1641535574.jpg?dim=700x0&dpr=1&q=100,https://pharmeasy.in/health-care/products/clocip-tube-of-15gm-cream-41232?utm_source=google&utm_medium=cpc&utm_campaign=Performance_Max_All_Products_ROAS_16072024&gad_source=1&gad_campaignid=21466163415&gbraid=0AAAAAB9teDroJOQqbuf0YjsVFTL-zymEf&gclid=Cj0KCQiAqeDMBhDcARIsAJEbU9S7zkldybh064r2Ig30BpEGY90eX9Rmpz075hfAUnoh4BSiO8zdw30aAsLWEALw_wcB
Contact Dermatitis,Moderate,Quadriderm RF Cream,"https://images.apollo247.in/pub/media/catalog/product/Q/U/QUA0013_1_1.jpg?tr=w-264,q-80,f-webp,dpr-false,c-at_max",https://www.apollopharmacy.in/medicine/quadriderm-rf-ointment-10gm?utm_source=gmc&utm_source=google&utm_medium=pmax&campaignid=22434256725&adgroupid=&keyword=&device=c&adtype=pla&product_id=QUA0013&utm_campaign=Pmax_Pharma_PLProducts_Topcities_TCPA_1404&utm_content=[adgroup]&gad_source=1&gad_campaignid=22440708134&gbraid=0AAAAACXO180kjVvDlks_5zjxeRwSzvGVH&gclid=Cj0KCQiAqeDMBhDcARIsAJEbU9Tb8f3mkQukWcMqtJQPrCV1MfIX_g0dWOw63Whnuqa1rPbgkFLsExoaAqQpEALw_wcB
Contact Dermatitis,Moderate,Atarax Lotion,"https://images.apollo247.in/pub/media/catalog/product/a/t/ata0046.jpg?tr=w-264,q-80,f-webp,dpr-false,c-at_max",https://www.apollopharmacy.in/otc/atarax-anti-itch-lotion-100ml?srsltid=AfmBOopXWHes8esSxa8N-bvJUu28Ktr-r571N9wM6XClVAk0tTE2a7I9
Contact Dermatitis,Moderate,Zole F Cream,"https://images.apollo247.in/pub/media/catalog/product/z/o/zole1.jpg?tr=w-264,q-80,f-webp,dpr-false,c-at_max",https://www.apollopharmacy.in/medicine/zole-f-ointment-15gm?srsltid=AfmBOoocVSWw15TZp7kpUGcmdA8orwT0MUq1jlXm-jZyYOj4oj2soXoD
Contact Dermatitis,Moderate,Flutivate Cream,https://assets.truemeds.in/Images/ProductImage/TM-COOM1-004009/flutivate-cream-20gm_flutivate-cream-20gm--TM-COOM1-004009_1.png?width=320,https://www.truemeds.in/medicine/flutivate-skin-005-cream-20-gm-tm-coom1-004009
Contact Dermatitis,Moderate,Betnovate-N Cream,https://www.practostatic.com/practopedia-images/v3/res-750/betnovaten-20-grm-1-s_ff17cce4-7aeb-4a58-958b-c49925642752.JPG,https://www.practo.com/medicine-info/betnovate-n-cream-57928
Contact Dermatitis,Moderate,Momate Cream,"https://images.apollo247.in/pub/media/catalog/product/m/o/mom0004.jpg?tr=w-264,q-80,f-webp,dpr-false,c-at_max",https://www.apollopharmacy.in/medicine/momate-cream-15gm
Contact Dermatitis,High,Elocon Cream,https://5.imimg.com/data5/SELLER/Default/2025/5/507406917/XC/FP/FC/37869803/elocon-cream-mometasone.png,https://www.indiamart.com/proddetail/elocon-cream-mometasone-22453891148.html?srsltid=AfmBOooo3kDTw6VVDmFjN9R9wATDAkWJIAGu3odsTKQBMupQS5aCHD-Z
Contact Dermatitis,High,Tenovate Cream,https://www.practostatic.com/practopedia-images/v3/res-750/tenovate-ointment-15gm_18e5404f-7d3e-4fee-a274-e159defd5c02.JPG,https://www.practo.com/medicine-info/tenovate-005-ointment-27077
Contact Dermatitis,High,Dermovate Cream,https://cdn01.pharmeasy.in/dam/products/I34898/dermovate-cream-25gm-3-1690547948.jpg?dim=320x320&dpr=1&q=100,https://pharmeasy.in/online-medicine-order/dermovate-cream-25gm-209155
Contact Dermatitis,High,Halovate Ointment,"https://images.apollo247.in/pub/media/catalog/product/H/A/HAL0169_1_1.jpg?tr=w-264,q-80,f-webp,dpr-false,c-at_max",https://www.apollopharmacy.in/medicine/halovate-ointment-30gm?srsltid=AfmBOorsN8JXctgEzqmyQgjd9Jf2rJ4nJIPam2UK5Wttxegxa-AE2Q-g
Contact Dermatitis,High,Tacroz Forte Ointment,"https://images.apollo247.in/pub/media/catalog/product/T/A/TAC0012_1_1.jpg?tr=w-264,q-80,f-webp,dpr-false,c-at_max",https://www.apollopharmacy.in/medicine/tacroz-forte-ointment-10gm?srsltid=AfmBOopYVbPWrXldrs1W3a3uCRuj-qJK9v_ue19cRhoA5_Ncp2qRL8WQ
Contact Dermatitis,High,Fucibet Cream,"https://images.apollo247.in/pub/media/catalog/product/F/U/FUC0011_1_1.jpg?tr=w-264,q-80,f-webp,dpr-false,c-at_max",https://www.apollopharmacy.in/medicine/fucibet-cream-15gm?srsltid=AfmBOooxL56DFw9UBuO_A0-rNjEn3wFq9kVGro2OwS2YJuASzjkNr8K7
Contact Dermatitis,High,Clobetasol Propionate Cream IP,https://kianext.com/wp-content/uploads/2024/02/CLONUM-OINTMENT_500X500.jpg,https://www.indiamart.com/proddetail/clobetasol-propionate-cream-ip-25310451497.html?srsltid=AfmBOoowfmbH0i5a3d9nFxAl4w53GkwGmL0mKu7LXl7Q-pIiF3XQyxFl
Contact Dermatitis,High,Deflazacort 6mg Tablet,https://assets.sayacare.in/api/images/product_image/large_image/502/44/Deflazacort-6-mg-Tablet_1.webp,https://sayacare.in/product/deflazacort-6-mg-6-tablet-502?srsltid=AfmBOopf2_FgorlxsONyFEre429DB5ThgAId1PKV53fx9oBINnpx9vkC
Folliculitis,Low,Savlon Antiseptic Liquid,https://www.bbassets.com/media/uploads/p/l/40091676_2-savlon-antiseptic-disinfectant-liquid.jpg,https://www.bigbasket.com/pd/40091676/savlon-antiseptic-disinfectant-liquid-200-ml/
Folliculitis,Low,Dettol Antiseptic Solution,https://www.dettol.co.in/static/d3e299f673d00e4a127b7ca554ddfbe5/62b1f/dal-550ml.png,https://www.bigbasket.com/pd/253537/dettol-antiseptic-disinfectant-liquid-125-ml/
Folliculitis,Low,Himalaya Neem Face Wash,https://assets.truemeds.in/Images/ProductImage/TM-FACK1-000007/himalaya-purifying-neem-face-wash-50ml_himalaya-purifying-neem-face-wash-50ml--TM-FACK1-000007_1.png?width=320,https://www.truemeds.in/otc/himalaya-purifying-neem-pack-50-gm-tm-fack1-000007
Folliculitis,Low,Minimalist Salicylic Cleanser,https://sfycdn.speedsize.com/56385b25-4e17-4a9a-9bec-c421c18686fb/beminimalist.co/cdn/shop/files/SalicylicCleanserNew.jpg?crop=center&height=1260&v=1756796206&width=840,https://beminimalist.co/products/salicylic-lha-2-cleanser?srsltid=AfmBOooJeVoP4l8sg5K0xIxqaqGFooZSxBuBd_n7oqeJhxz4vowBmTGm
Folliculitis,Low,Cetaphil Oily Skin Cleanser,"https://images.apollo247.in/pub/media/catalog/product/c/e/cet0088_1_1_1.jpg?tr=w-264,q-80,f-webp,dpr-false,c-at_max",https://www.apollopharmacy.in/otc/cetaphil-cleanser-for-oily-skin-125-ml?utm_source=gmc&utm_source=google&utm_medium=pmax&campaignid=22434256725&adgroupid=&keyword=&device=c&adtype=pla&product_id=CET0088&utm_campaign=Pmax_Pharma_PLProducts_Topcities_TCPA_1404&utm_content=[adgroup]&gad_source=1&gad_campaignid=22440708134&gbraid=0AAAAACXO180kjVvDlks_5zjxeRwSzvGVH&gclid=Cj0KCQiAqeDMBhDcARIsAJEbU9R-m_bFTymu78GDxZGMrlmhMzMjlEr-iC2rTcwErSWgZVIY3ZcPImkaAvjhEALw_wcB
Folliculitis,Low,Plum Green Tea Face Wash,"https://images.apollo247.in/pub/media/catalog/product/p/l/plu0096_1.jpg?tr=w-264,q-80,f-webp,dpr-false,c-at_max",https://www.apollopharmacy.in/otc/plum-green-tea-pore-cleansing-face-wash-100ml?utm_source=gmc&utm_source=google&utm_medium=pmax&campaignid=22434256725&adgroupid=&keyword=&device=c&adtype=pla&product_id=PLU0096&utm_campaign=Pmax_Pharma_PLProducts_Topcities_TCPA_1404&utm_content=[adgroup]&gad_source=1&gad_campaignid=22440708134&gbraid=0AAAAACXO180kjVvDlks_5zjxeRwSzvGVH&gclid=Cj0KCQiAqeDMBhDcARIsAJEbU9RJ7hh3SmdSO0l6hulq19vQncu7uydk27i3k9DSSb3W84GoeVBbixwaAq_lEALw_wcB
Folliculitis,Low,Sebamed Cleansing Bar,https://assets.truemeds.in/Images/ProductImage/TM-SOAP1-000465/sebamed-clear-face-bar-100gm_sebamed-clear-face-bar-100gm--TM-SOAP1-000465_1.png?width=320,https://www.truemeds.in/otc/sebamed-clear-face-cleansing-soap-100-gm-tm-soap1-000465
Folliculitis,Low,Bioderma Sebium Gel,https://www.bioderma-india.in/sites/in/files/styles/product_packshot_slider/public/products/%7B38491%7D_%7BBIO_SEBIUM_GEL_MOUSSANT%7D_%7B28664I%7D.png?itok=6BSMHkkW,https://www.flipkart.com/bioderma-sebium-gel-moussant-purifying-cleansing-foaming-tube-face-wash/p/itm5b1828d493d99
Folliculitis,Moderate,Clindac A Gel,"https://images.apollo247.in/pub/media/catalog/product/c/l/cli0480.jpg?tr=w-264,q-80,f-webp,dpr-false,c-at_max",https://www.apollopharmacy.in/medicine/clindac-a-1-w-w-gel-20g?utm_source=gmc&utm_source=google&utm_medium=pmax&campaignid=22434256725&adgroupid=&keyword=&device=c&adtype=pla&product_id=CLI0480&utm_campaign=Pmax_Pharma_PLProducts_Topcities_TCPA_1404&utm_content=[adgroup]&gad_source=1&gad_campaignid=22440708134&gbraid=0AAAAACXO180kjVvDlks_5zjxeRwSzvGVH&gclid=Cj0KCQiAqeDMBhDcARIsAJEbU9SKyO53pG-eEuHA5KKqzlHnIBwd4miqdOhgVxFErh5CtT0ZT3gIJNoaAkSrEALw_wcB
Folliculitis,Moderate,Nadibact Cream,https://images.apollo247.in/pub/media/catalog/product/N/A/NAD0001_1_1.jpg,https://www.apollopharmacy.in/medicine/nadibact-1-ointment-10gm?srsltid=AfmBOorUfqbf0I_haKqlW35K3KFBi0pbM9csKsx-nHUkvLU9dTvEYbqJ
Folliculitis,Moderate,Fucidin Cream,"https://images.apollo247.in/pub/media/catalog/product/F/U/FUC0012_1_1.jpg?tr=w-264,q-80,f-webp,dpr-false,c-at_max",https://www.apollopharmacy.in/medicine/fucidin-cream-15gm?srsltid=AfmBOoqWN6iTWM_ZiX58CClmNZ3oCWRU8gsUEinFyfzgFCB3co0Z0CAU
Folliculitis,Moderate,Supirocin Ointment,"https://images.apollo247.in/pub/media/catalog/product/S/U/SUP0001_1_1.jpg?tr=w-264,q-80,f-webp,dpr-false,c-at_max",https://www.apollopharmacy.in/medicine/supirocin-ointment-5gm?srsltid=AfmBOooxRJxcROu5ockXx41NI-pAW96qewWZYl3mhiBlYTV9TYaq2dij
Folliculitis,High,3% BHA Folliculite Shampoo,"data:image/jpeg;base64,/9j/4AAQSkZJRgABAQAAAQABAAD/2wCEAAkGBxMTEhUSEhIVFRUXGBYXFRUXFRgZGBgVFRcWGBcYFhgYICggGBslHhUXIjEhJSkrMC4vGCAzODMvNygtLisBCgoKDg0OGhAQGy4lICUtLy0vLS0vLS0tLS8tLS0rLy0uLS0tLS0tLS8tLS0tLS0tLS0tLS0tLS0tLS0tLS0tLf/AABEIAPYAzQMBIgACEQEDEQH/xAAcAAACAgMBAQAAAAAAAAAAAAAABQMEAgYHAQj/xABKEAACAQIEAgcECAIGCAYDAAABAhEAAwQSITEFEwYiMkFRYXFygZGxBxQjM0JSocGCkhUkYrLR0kRTVHOiwuHwFjRDY4PxF5Oj/8QAGQEAAwEBAQAAAAAAAAAAAAAAAAIDAQQF/8QAKhEAAgIBAwMDBAIDAAAAAAAAAAECEQMSITEEQVETgfAiMnGxkaFh0eH/2gAMAwEAAhEDEQA/AO40UUUAKcXi3BMHYkbCqzcSZdWfz2G3wr3iLQXJ7iT8BWpdNOJCxy7aAi+QzXHacoAaBCkgNBSVJ2ENILBqaMbdAbaOMGFPW62bL2NckljMxACn4VJa4iW1V5HoPlGlcz6O4olna5ckjLHMvYobl8wiyCGEiCG2iIWMi7lwfEqyv2TdU5/s+Zl5ZzEgi4qxsdhGZlPfRJJPSUeN6FPsbVh7xIEnvq1VHCd3r+xq9SkwooooAKKKKACiiigAooooAKKKKACiiigAooooAKKKKACiiigAooooAQ8SB68CTLQPOK1jpVgrJuLeuJbyuoCXL+LeyWy5gAMiOG0AcEkGLmwM1tuKXrN61QxGEuHKUY9WSEzECWIJiCNTBgyCMxI8K1N9hoNJ21Zp2DvWLU8q5hrcxOTit5ZiYnLZExMDwEAaACtg4E7MHu5i6BcgZMbcxC5yQ0HmKsaooIWSeYBtU9vAX8yk38UT1sycyEEZspU5QWBIWRzO866UwweEcDrsTrmyToD4+v7yTJM1lO7bL5M0HHTBV7sZYJYCjw/wq/VXDroPWrVBzBRRRQAUUUUAL+K3MqliTpHj3zOk0utcVXwPwH+NXOPH7M+0P7pNa3ZrTB5hcWHYASNR3R3+INO7Z0HpWrcK7Y9V+YraLW1YCM6KKKDQooooAKKKKACiiigAooooA8LCjNSZcWctxiJIYgVTHE3oAa4sMG6ttnnWRpHlrWNsv/qT/MKoLxS5Uq8UfvoAYB2/1R/mH+FeFm/1R/mFVhxY/k/U1G3FH7hQAzsOTuhWPQ/Kp5pH/Sj1knE38KAHdFVHvmEMbkA1boAKKKKAFHHvuz7Y/uGtfsofCnPSJjpBI1bY+AQUptO35j8TWmFrhykMPVf7wrZ7e3vPzNavgmbOJJ38TW029vefmaw0yooooAKKKKACiiigAooooAKKKKANa/A/tGtK4v02w9i5ylW5euAwVtAGD4STqfITWwdJ8abOCxLqYYEhT4MxCg+6Z91aL0A4ICnNaZeWYgkHlyQiBhqAxVmMbgKK55M6sUItOUuB3wjp3hbzcti1h5iLoAE+GYGAfWK20Vz/AKfdHQ9lr6r9pZEk6nPZ75J1JXU6zAB7iKz+i7pA1xWwl1pKLmtE7m2CAUPjlkR5GO6sHnii464G/wBFFFac55XqV5XqUAN37Nv2hTOlbdm37QppVYCSCsLr5QT4VnUOM7DelOKL8YUeC0gCTuI1ImZHlVBb9nrQlxsoloCmIidImZMRHcax4xjBatvcZQwRJyEnrM0qmgBLdYAR/aB3ArmGCxfMvWzdZbiiYQ8ooBl0Ci66WwOydSO4jdQHjC02bFW0jreFa0WIE5gdRKyCDB2HiI0ptZuA6eprSeB8QD3CnVkr1GNzCjIUjYWL1xoInQgDSJE1t+DaYPiJ+NJd7jTg4SplyiiigQKKKKACiisLt0KJO1AGdFRpeU6AzUlABRRRQBzX6QD/AFG9/vB+9LOGcYt4ZFtG1iDC2+smHdl0tIOqw3G/xp/0swZu4PEooltWUeJUzA9Yj30u6HY4XcLbYHuAPkygKw+In0IrnkdUfsMW6VYYghreIgggg4a7sdCOzXPehFq5ax9ghLmXOyZijCVZWUEyNO4107ibgkopOdgqghj1TcOVSIO4Adv4a8w+IYWrN3MxLXFVgWJBR3KBY20BGu/V8zSaty8FUHXfb+hvh72aeqwjxFSml2Nw7G5mDhcoQiW/F9qBmHeCXA89e8CqowqsoKtbJPJWQV6zKCWElSDOh2MxTnJQ6NAMb0kuYPXtoBcghS2hYC2q5DEagRER2dNSDLZwmbQOpMISADByhMsGI2LbD8S6UG6UbYTpb9oU1pSu1v1H7U2qsCUgqHF9g+75ipqxuJIIpxRHjrIKtLFVZYZgJKlZKEfxHz2A761bn3IBMiRP39w790rgyJ8q3v6gPzN+n+FQHgdo5hBhgQw8QYkfoPhQ1ZTHk0drEHBVcuSzEMB9muc3ASdCWDWbZSBO/wCY6aCdpw9uIHgI+FYWuHIskSCdSdJJJkyY8TNWUtx3k+tAs5anZnRRRQKFFFFABVTiSyuWY1+VW6p47celAEeCtw0yNvOmFL7A1phQAUUUUAas5+89o/OtYHRpUutdw967hy5m4qZCjHxyOpAPpWy3P/U9o/OqWIBymJny3jvjziahItFtcGNrBAFGLMxWTLRqxGXMYAEgSNAN6yt8PAyjMciuXVY2YknfvALEgenhVS9duAZbavBV9SGLbPEHcahYBg69/dOb94ToI1jqN/7kbE7ZE7vxelTtFalXJPfwAdixJBPL7zH2bFtpgzPfUC8LOVVNw9QdUjN2hlysczGYy7aDU1I9x2tqTmBzawrDQTvlOZQdNR5aQaw+s3AOy2ywDbZjrlliwjxbSJ0mO6t1GKEvJ6eHSEDNIQECBGhAA1k6iJkVNgcHkiGYgCIMR3EnTvkT5Saq4fEXSwDAgnKSMpjs2w2p7IHXPqKaLWp2LNOOzGYP3ftD9qb0nX/0/aHzFOKtAjIRNiGA0Y7mohi3/Ma8uN1Z7pI/WoBcHjTWhaLyYt/zGplxj+P6CqCOPGpRcHjRaCiy2Lf81YfW3/MahNweNY5x40Wgov2MQxOpq7h2JJmleFcEwKY4Q6t5Gi0BZooorQPCwqBwGO6/Gocfv7q0bpfx02WVFOZ2WSpVoSSYzQZYwNhHr1gKaMdToDoItgeFSg1zbgvHQzJnuW0LsCxV8MAM4EqV+ss7agADIsb5dxW84YyP/v8AfXz99YPODhyMaKKKwQ1O7vc9o/OkX1i4rNCswLd6uZ1MKvcun4pKwBoCTTy92rntH51VvsQrEbhSR6wYrnZaIttY68zKBlE+KsAdFJ31EZsp8x3bVmvG3gnlAQFOrqIkpvJ0nMSJiY86mtY5g2VgJzBfCdE7OnWnPPpU1vHsbZbLBiREsBKhhJgeP6UupFdD8EeLxp6h5nLDWmcaDVhy8qwwk9o6CCaP6SuAAm2AWLKBJ7SHrA6flDkez51L9fK5hOeNZEDQKTplkHbQab1G3EhKkoubUDrTAJA6pj/DajUjPTfghucSug5eWJ8etBlVaB36ZtYBmO7utcMxdx2h1gZZnIRrMbkka7gCdO+vcNji5UZe1J0Mjqzm12MEp/N5VeWtTsWSrZoYWzqntD5inVJLW6eo+dO6tAjI1fEH7M+03zrn46WYnEXGXA27XLQ5ebdDtnI/KtvUDv79ImJFbV00vFOH4kqYMXAD4Zur+9a70F5NnDIGuW1dlDFWdQftOuZBMjtAeiioyOvDGKg5NWTcD6Ylr/1TF2hZvyApBm25O0E7T3bg+M6VuArmX0n4W0Us37TqWVjbOVgTlaXQ6GeqVMe1W+dHuI8/D2bhIzvbVmE98dYx4TNYgywjpU49xlXlemsaCBb4f2xTXBbv7VKcD2hTbA7v7VUhyLIt0VhefKpPgCfgKoPxSPw/rViZPjknuJkEaVpPH+FW3vG46KWZQTLPK5Rkhjzkg9Xw95ituXi39n9arYxbV3VkIPipg+/xrU6Ni6dmtYSwTltI7KuiCLt3Ko2A6uJIUdw08BHdW6YJZBJBGYzuT4DQnUjSffS6zhbKmchOpYAxlBPgB3eXr4mr/wDSQ/L+tZQ+TI5sv0VTt48H8P61Ot6SRFBM570j6S2sLddHDsZLEKBoJMTJHgaUWvpAwR3a4vrbJ/uzWu9P7k4zE+1HwAFafgrCO5Fx2RQCeqmd2OgCIsgFjPeRsahLk78WGMo2zr9rpvgD/pAHrbuD/lqynTDA/wC1W/8AiHzFcrvdGiovfagtaNwABD1xaS3caTP2bZbqwsHUESKWY/C8q4bZYFlgPGweAXTzyklSfFTSjrp8cuGztQ6WYEf6Va+P/SsW6YYAf6Vb92Y/IVy7D9HQ/JT6zbF6+guWrTJc1DFgoLgFQSUO9K8ZgiluzcLD7YXCB3ry7htkHx1E6VoLp4Puzrtzpvw8GfrAJiNLdw6fy1A30h4IbNcb0tkf3ornNvo2zXcVaFwThy6g5fvbi8wqiieqWFq4e/s+dJ7J1FYMunxvuz6H6PcatYoK9qdGAZWEMJ2mJEVttcb+i++RiVXuZP1VlI+ZrslWgcGaOmVGlcewfOw16ztn5ig+BMwfjFa30KW3dwypctobtqLVxWVSysgCwZHlPvrbrx0b22+dKsRw2wWN57SlwNXiGIHcSNWHkaiykJfTpF5wFk3kUWbeUsVabSaytxhErp90fc4q/YgWkylLWVnWQoAy27jAwAI1CzGm9WQbY0Iyyc0bEFQBMjaAAJB2ipVW0wCjKQAYHqNf0NIuSs5Wlt83+exRRmIU83U79a4ASFUHLI2kz5z8MDcYEg3pKyD25lTIOUDUxue+D51ZRLBA022JJkDbqmZG+se+p1wlptQoM5tdZ1Iza765daayb25Rb4NaZTDNmMkzM/8A1+tPsBu/tUowfaFNuHfj9qqQ5IzJsb92/st8jWvYt4y+ag1sGN+7f2W+RrQPpB4o2HwbXEMPkRFPgXIGYeYEn3U020GOOp0XrnF7KNke9aV/ytcUN8CZpil4+VaL0e6IWfq0Xba3HcS5YSS34utuDMgHugHck1U6IYy5hMc/Dbjl7Rk2C269XOseAKzI2ldN6lrkdDwR30u2jpHPPlWJvGsKxNbqZDSizh7pkU2tHrMPDL+9JcP2h606tdt/4fkaaLdiyRwfp6f67ivbNarw97Yc8xnTQ5blvtW3kFXABGYaERI3nurofSxl+s4hWysBdvPyik5+XaVx1xqBKgESJBrUcZhLb4VsULaoxCjKkhA63sjMqzoGUrp3EGKyS3O/DL6Ujw8cH1i7eV3CZQyoZAvX7aqqPdVTl7Q5hn8sbmsePYjDulvk5c0zohVgnLtgrdYgcy5zBcOaW331AFDG4VVsYe4JzXFultdJS6yCPDQCmt3gtm2bly41zlImFhVK53u4myt0qGIhVHXMwdIrNy9RVP54G3D+Poi4X+uhEtWkS9Y+rs7OQzl1DZI6ysBOYRvSu90jdLOHt4a41oLzs6AbZ77ugkjXqMNqgXh2HuC69m5chMO97I0ZkuI6LkZgIdSGkEQfGs+C8Ft3UtsxYZ7mIQwREWcNzlI03zaHyrdxdMFu/nJdxfSlLdxnw6Jcz4q9iWNy2ZEvFoJqIOTMZMwbhHjWuYkpzXNoEWy7G2CACEJJUECdhA91S8LsI1u/cdS3KS04UMVnNiLKMCRrqrsPKZrZMJawxdVTDWLc4X6xmvPddQzECHljKie4b1nI20OEOfoyP9ct+y3/AC12yuP/AEfYqcaqfZkDOQ1tcqnYdQQCF17xXYKrA83qPvNTvfi9o/OlVzGEFlZJEkbECPMnfxO2knWmd/dvaPzqC7mjqnXSPiJ/SaizIi1cWglmtHYCZk9ZiNZPoZqyMSnaVQpDlJcwB1TroSNgBUtm7d0lR3T++oP/AH51JzLmbs/LKB1dZ3Pf3+6ktF9/P9lQYhCATZaTGhMncKdSdgSo18tKy/pUAHLbbdviDJ01jcn4eNS867vyhMb+/bf1q1YckaiNSB6DSffBrVQsk0t/2W8L2qb8N/F7VKMNvTfhmzetVhyQkT437t/Zb5GuefSHgGv4JlQS6qjqvjkIJA8yJroeM+7f2W+RrWMQdF9kVuQMctLtGt8Pwtm/ZF9Ll6GBbq4i/AJkxlDwDOmUbbVDhOC2TeGIZWZ1dFVmu3GbK8qDLMdIafeacDC2UcvykDHrM4VQfU95NT2sRa0IjTQHKdlGkaeB/WoP8nXGbp0nuRrfZTkzqAC0aywVXAOYme7Pr4iozi7gClnQSO+NxBO2kb/CrVzlZtV3G8aHOZjTUzMxFYpyScoUH3aTP6bD9Ka0Tp+CzwwuWliCNIgRqDBmde6tisdt/wCH5GkmEQAgAQKd4U9d/wCH5GnhyRmcM6d4lrfEL7KYK3Cy94BgTodDMa1r39PnrJcsWmtlVTkrmtKuVy/VyGQcxJMzW0dLiV4tcKpnIvIQkgZiMpgE6Sao5Fvpcd8Qro2HcJibqNzBkv2erfADEsucAMsyG8NtZ242lFWhK/FbD2ktvhW+z5gtlb5GUXHZ4IZDmgncnWKnPHEc3FvWmNq4mHUhXAdXw1pba3EJBGozSpGzeVXbPAUZ8BbUpcVhfe9ctBjnt27pY7qGJyjIJG5AFWMPwm2MfZa5h8ti9Ze9yCGXKyWX5lvWD1biEjyZaymV1Q/f7/5Yrs8YsI2VMORZNq5ZuAuOdcFwhi7XAsZgVWBEACO+pMPx61aaytqy5tWzeZg9xeZca/aNoksq5VAWIEHamXBOj1oYrEreXPbTMlmSQGa4j3bTSDrFpCfeKlwvDIt4MjB4V7L2bTX7118jDMzcw5uasQoBEKf2opmOUOPm6NYvcQtBLluxZa2txFRs93Oepdt3QR1R/q4jzmssLxp1dWyWzFkYfK65lZF1llJ1OnppV7F3reFt22sW7VznG+/MvW1u/Ypee1bRQ4hZCFmMScw1EUx4m5wgD4ObTXryzl3UcjD3VsAnXLmvN1e8KAZisoa1xXI4+jO+X4grEKCUYwqhVHZ2VdAK7ZXHOgdsDi1wIAFU3oA2A5iiB5V2Oqw4PO6j7jjH0l8bu235Vq4yQSzFTBJLEASO7T9a0/h3SLiTkrav3HIEkEWzuQBq41JJAA3J2px9KJ/rVz+H961XgWItI5e4zAqAbZCZ1FwHRnXMJC7geMTpoZPk9DBBeldX7D4dLeKKAS+hUuCbVvsiJJ007S7/AJl8RM+C6X8Vugm0OYFgEpYDQTqBoN9KV8P4paa3ysSxdSdTkIIRWtAAm2AzMyITqSM1qzOgNHRviNq3aK3TbDc61cHMtXLghFYEry9mkjfSlKOCp/Qr/Bf/APGvEyVAYSwZlHJTVVzZiJGoGRv5TVbE9MOJBUZrzKrglDy7YDAGCR1fEVIekNoOmVVKi3iVLvbm6putiCgDf/IkkeJqhxritm7b5SIVFpk5LSTmti2LbZgT1CRbtNA7w3jRsbGCv7EOeifTHFDEob19rlskB1aIgmJEDQjfSu7cK2b1r5h4U3XFfTnBT1Ph8hT4+Tj66Ci1SLWM+7f2W+RrVb+wjfLpW14vsP7LfI1qbnQelNkOKItAvxBCEwYJgn5/96DXU1KOeBHKttoNdBJ0nSdP+nuqe9hw8SSCNiN9wf2FZphBB6zax6abaeHlUi6aohurczMQqlYMSqkZQoKhcvWOoIM+IgViwvaEW7YMHu1BPdvrsNasfUf7bd/fp1gO7yj9T617awuUg5mMeJ3MASaz2NtVyT4AvpniZO20TpT7Bdp/4fkaTWdxTjh/af8Ah/eqQ5Iz4OK/SlZa3jnuCRmhlYaQyGND4iFPvFajiuO37mYO4bMhtnqqAFLq5gKAASygk7mu39IeGWr7ul5A4zEiZBB8QRqK1TFfRzhG7DXbfowYf8QJ/WhnViywSSkc+w/HbiWeSoUQj21uCQ4W5dF14M95AE+FWeH9JLltUV15pRrrI7ucwW9ZNp0kg9Xst6r51tVz6MF/DimHtWwfkwqE/Rfc7sUnvtN/mrNy3qYX8Ygs9KHAw4NsHkK69ojmFrZtKzaaFUIA9POlXEcbzRZBUDlWUsg7yELHN5dratz/APxfe/2m3/8Arb/Gsl+i6534tPdaY/8APWbjLLhW6f7NRwXGmS2LTWbN5ULNb5qFuWzQWy5WEqSJKmRNZ4XpBiVa4y3jNxs7kqp6/cy5gcjAGAVggelbpa+i1Px4pj7NsD5k0zwf0bYRe21256uFH/AB86NxXnxEP0P4Qm6947dVAfEk5m+S/GuwVrXBMGlnJbtKERdgP19T51stWhwefmlqlZxbptikXF3EuMwV7lgMA8KUl83MWOskekVrGMwVx8Pca9Z/rIB0FsBuWt6wFbKo261wBo1UeFX/AKVB/XbnovzatX4DYa5eCrce2crEG2eu2USETrCWPcCe6pNnpYYfQpF61gF+sYBDb6twYYXRBAYteKvm8yNDUpsInItLhVv860XLSwuFy1wEW2BhAmQdx2M71Ys4C6QR9dxIUXkRV5V1iLhC3QbiZ5RlYjYHUSKzwvBsQE5C4q4vM5s21S4bMpcu22zXQYUMbRJMbETWUU1rz+yqeH2+bcGQZBglujeM7WbZDj1dj7zUeKwotX8cVtgC2HNnMgKqVxVhRlDAgwGI9DHfXlnDXWwto3MUyWGdQbZLEW7bMypdZZ7GdGEd0TVfjtm/bypiL1x7hzzba4zhUDAKSSfxlSQPBVPeKHwPHmr/AMGzLfdkxESMow4+y5VoBWw7O2eAMylmJyjUkgV2zgn3fw+Qr5hwXar6e4KPs/8AvwFPB2zg6yGmkW8V2G9lvka4l0y6YX7N/l2CoVAAZXNmaAT6ATHurtuK7Deyfka+aOmJnE3f95c/vGtyE+jipT3GmG+kTGllXLYJJCiUcakx3P507s9K+JESMJZYSwkEicr5NAXnVtvGtLwvB1fD81Gc3ACSFylUYPCq6jrrIg8zsiR51JxE8svbXF4h7yOEKnOFuOGg8ohyZVhPWAnca6VM73jxt0kv4N2TpVxEmDhrCaKQWLlWzGFUFCRJJ74jcxSjiP0g4605tvaw6sIkZWbcAjUPGxpPi+D3LdwqMQ5Aw9/rgsNcMH5ljfshk9IZTGtY8G4IMRb5txrxm6bZdcpVAFQ57rOdhm+C1jMWPElqaVDXA/SJjTcXNyisiVFsiR4TJIrt/Ar4uKbi7MEYejCR86+YsHo41nXfx86+jegRnCW/YT96fHyc/W44xScUQcQ+9f2jVQ3gDB3kD4ian4zeCXGJDGWiFEnvO3oKXvctOxXOMwGonYAhjIPhpPhOtZI5Ipdy9buAkAGZEiO8eR99SowIBGx1B8j30tTho06wMeKyd5lTOjeB1qxg8KVJBOgVVX1yqGMTt1V9+bxpbY7jGtmWrN9W7LK3ssDv6VmTrHf4eQ3+Ypc3DGgAOdkBkn8IIiTMLJnbcfDNcAwYNmBI7yCSdVPW17gIot+AcYdmXWMb6V7acGYIMGDBmCNwfOlVzh6qoz3FAEdYgKT1SpzNOoiYHxmrGHxVpFJW5nBM9XrnWRCrbB/I2w7m861WY4xrZ2OMD94tPqQ8NYF1I1Bgg+R2p9VocEZHDfpdwRF0XwOqZRj3AhiVn1zH4Vz/AAWJCMSUW4pUqyNMFTHeIKmQCCPCvoPHIC7hgCCxkESDr3g0ixPR/Ak9fC2QfEIF98rFRlyehg6hRhpaOV4rpFddMiE2hmUjJccHKlsWwhaZbQTJNe4XjzoLaQWtJba1ctFzkuq73HJI/C32mhEkZQfKul/+C+GsdLMGY0u3RrE7Zq8/8C8OmOWw/wDluxtO8xtrS2y3r4qrS/nuc3vdInKtayjkG0LK2tOqFC5Xz5ZLBlz+Ek0s4hizdfOQActtYH/t21tg+8JPvrrq9BOGzHLJIiftrnfts1T2OiXDVIAsWye6WZ/7zGg1dTjXEWct6JcPN/FWrSiZYFvJFILE+7T1Ir6Q4T2T61r3DuHWbIIs2rdsHfIirPrA1rYuE9g+tUx8nD1Wb1XZYxPYb2T8jXzt0o4aDduXGuFBnus7ZMwAF42xGVsxYsV0IAgkzpFfRWI7Leh+VfNfSjElcXekKwzXEKMDlKG4Xg5SD2jmkEEGNafIb0V6nRjysTbNvDA2S1xbiW7mXrC0S8gXIkK3WI0Jh+6SKl4dxDEXPtrdrD5jcHMuFYLNbU3s9ws2VVGXOSuWSomdj7hsdfflXjh7dxlJ5ZFzK2RrhWOWG7GZsgbLpprpWeHW9bmzbwnVbOzpz1clCnJuDMOz94sHuMb1I7+26V+3+/wR/X8VbtMzvbxNtROd3a51b6vZZVMhgDBlTBlVPrW4phL32Vlksoty6cipmyi4y2VJJYkgQyePfUl1+Ur2nwbLaYW0cG5Fw3JN1GN3JlMiQAEjL561bv4i+9y0rYMc3m3WsdcgA2mUOsTByckAknuNAy2dpL+vH5/kg4b0fBKnnZiQ7FUtkkC26owl2QaMw8ok13D6Pv8Aydr2E/euAYPi7gjRCIcQyBhF1xcMhpB6yiNK7/8AR7/5K1/u0/UE02Pk5OtUtO5X45hg9wgzAeTBKnTMNCsEb0ixthypti2xhrzh9Iyut06azmJfLEeJrZuJD7RvU/Ote+tm0C7uWQi8xDZeryiSMpAGkaaz3UPk448A2Ot5rDFsoUsGLApBNowDmAisMZeBdjn+yL4fmMGgcso8HMNlLZAT4E1mvGiqWmYK3XZLzK3VQIpJcbyvZY66KSe6rJ4i5flpbViTdHWcqItZB3Kd+Zt5Vg/BXu3LSFeVcORb1rmdabaZkdYB2EkrImBIMCdY8Ri15wucwcv6wi583UkYW9Inbcj3+dWv6V7NtbSKTzQyvcCKptFAQCFOac4I0Gnwqbh/EhcKKEC5heOjAqDZdE6pAGZTnkHTasDgpYtBcbEsoDhsLbyEDMCwbGDqnvOvd41axmFYuSLbMMtqCj8tgV50lWkbZ1keDHfaof6WdmCgpb+8Gtt7hOS89oQFIjRAdfGrnC7zuzlmeA1xQMihIW4yiGjMxhfGN60HaHHCUIKBjLAAMfEwJNPqT4AdYU4qsOCEuTTuL3ChdgJOYdxO7AbDU791L3xIMZ7YhiEBBMlg2UgggECSxHkDtTjHJNxp/N8jpWv27qXNeW+btQrnTLy3zKHgZtV7tfE61FloF+4luLmjDIwB1O5VG6uvg494ouXbTSxR4nR8uhghIB8JgiYBiRNVluIcxzXijzrCEXGRAerAzTltzGk5TVjlIUuRdflKGiIyrMPKEDrxpG47te7KRS35Zmtu1nNqGkd06QuRo/8A6qfjUJvoDmFpiMrXMxca8uBtJMzAoyrmW4r3WcjOxVUPUcIBmUjQfZAQBm0NYPi7IXYmOZaIY5Y+1to2YnYEupB8KKQW35GeBxJcuCuUqYjWY1gkEDw3EjwJrYeF9j30hwFpQsqIzQdGLDyCk/hE6AQNdq2Dho6vvqkOSEyxf7Leh+VfO30jcNe3iWu5Ty7gDBo0DAAMCe4yJ99fRN7sn0PyrUAK3IP0+X05WcR4Vxy3btqjIz5WVgMylARcD51kZkeBEKQDue+bFzjdvNcdFLF7boA+Hw6qC1204zBO2IRu0JkjzrqmIsWDPMw9s7721MxvuPKov6FwBDH6pZ0BP3S6gAExA84qOo7vVjzpZzLE8Zs3QVuLdRc1hwttUIRrSOjW0BYAWzmBU7jWQdzYXpcAQxtGQzOvWHVNy/du3QD4Mrov8Jron9DcP/2SzInTlL+EkHceVT2+H4JT1MNa7trSd9GoHkjxpZxPhGEe7cW1aGdyQAB8z4Dzr6X6M4YWrQtjZFRB6KsftSvBooUFVCgiYAA+VPOEbN6iqY+Tl6rP6nahbxFeu3qaUnhlqScmpMnU/mDmBMCWUExvGtOscOu3qaqlaHyQRQXhqC5zBpJkrAyk5ChJEd4In2RVfD8Ea3lNq7BU3Y5iF+rdKdXRlPVCAAztv402ArMCsN1MWWuDLmVnIuH7XPmQQzXihJjYABAoGunf4lvhTLkyXSDbzqhKhotOVORgT1suRYbQwBM6y0Ar2KDdTKWC4etuCCxOXKSY1JdnZjAGpZydNNdqt4awFELtLN73Ysf1JrICpra0CtlrBDUU0pdhRqKY1WHAkjTeM4w27raSNT5zJ0+APwpUHtKQmqsTlJS+GiWCFVLmSBp1QAR3Ctkx1oMzAgHU7jzqkvDkG2aZUzmZjKmQZYn09NNqk+S0WqKGD5QZCGuBZz2VIXIc8WwykDNH2oEMfxgxtHovYfkomci2W0IBWYu7EgDKCxGukjXbWrLcIBXKLjiEKWyMv2clSCumpUokTPZ8zOY4Okk/hJTqESoVFK5R5EHWlGtEFvCIvYu3FDM1sxvo7nLmYEiCXhv7XpET2rGYHr5ougMDH3d3mEHzzW2ynwVqvWuEqLYtsS6hy/XAMyzEBvGJ3308aE4La1075B0GUZmbKsDQddh6GKAteSLDcRJlVUQpgsWZ2ADMpLiAZOQ6gtG5GkVtmBHV99JrWBt6dQGCSJ1gli06+ZPpJp1g9vfVIcksjXYlvdk+h+VaXjLLHLlMQ0nfaDpoR3keI8jW63dj6GtXuJrW5DICnD3bitBFzKVMSpY8zq7lQYG+p037oqQ4puoQCAVUXHKEFfHQjx08BM7CmSrSrKYPLvhWm4CX0ElpAEjXLHn8DUiq3JDi32HWJNvKeWRmU3CHMeSgn4HvFem9cdFKl1ORS0JBzyuYddfAn4ViDc2+s24GbvA/DO5BmMyyfKe+A0sjqrJBMCSNiY3HkaAexTwlu5zJbNl641OkZzl2bUxG6+/urZuFDQ0strTbh40Pup4ck5vYXY0ddvU1WIq3xW2VbP8AhPf4HzqqrA99M4MVSF9xr4aAispmDMECTGnfpFSC9dDwbfVzRm17M76eRHwNMAKyC0tPwbaFz4i4C/2ezALoxka+HmBr3ZvI1mz3ZbqiOtl010KgE66yCTGm1MMte5aKfgLRSwbOS2dYiMpjca67ny08Zq+grwCvc4HfRoYWi1h+0Kv0vwHWOYbDv8T5UwqsVSEbsRYles3qfnUJXSrl7RyD4z7jQEHhSPGMpCtMLdAP2s/llR49/jpUps3YADjZhMbmRlO2mkjbvpmtkVmLArPTZupCo4e5r9p36abDX/ofdVi0hAEmTGp8TV7kCgWh4Uemw1IgtimGFECogQPAVPYMifhTxhW4rlZlc2Poa1xhWyONDSLlz+486JpvgIuigMXbzZcwDTEHckmNPGo7diw7EAyxBBh2BjQkb7ajSmRwYJkqCRsYE17bwKg5ggB11Gm5JO2+pNSpj6hUMHhgJgfjMyfA5vk3wNWkv21UAGFAgaNoBA18Nxv41aXhqgAZNACNSToZB3Ou5+J8akbBA7oDvuB37/Kima5X3C0KZYLY+6qtux6CrmFAgxTwi7Ek0TEToaX3+DWzqsof7J0+B0+FFFVEKzcJujs3VPkVI/UE/Ko7mFxCiTyv52/y0UUAQi5d8E/mP+WrFvDX2Ejl/wA7f5aKKAJl4ZcPauKPIKT+pP7VYs8LQamXP9o6fAaV7RQBcAr2iigCLEYdXEMJ8PEehG1UW4WR2LpHkwzfKKKKAPPq18bcs+9h+xrEm+O63/O3+WvaKAMgl891v+dv8lZjCXTu6j0BPzIoooAmt4FRqSW9dvgNKtUUUAFVsTgkcyZB/MDB/wAD76KKAKx4e47N0ejLP6gj5V5yL425Z/iYf8poooA95V/wtfzt/lrIYa6d3RfQFv3Fe0UAZpgB+Jmby2HwGv61bURoKKKAP//Z",https://www.gosupps.com/shampoo-conditioner-set-salicylic-shampoo-for-folliculitis-dandruff-oily-scalp-parabens-free-treat-folliculitis-with-herbal-hair-conditioner-soothe-scalp-repair-hair-gentle-colour-safe-shampoo-conditioner.html
Folliculitis,High,Peppermint And Aloe Shampoo,https://designessentials.com/cdn/shop/files/DEC-PA-SSC-SHAMPOO-12OZ-FRONT-1080x1080.jpg?v=1752853219&width=1920,https://designessentials.com/products/peppermint-aloe-anti-itch-shampoo?srsltid=AfmBOorl_cM3z9ke71h-58nqrO8mtGaJpVVV3UNuZTRaFjjaAIgTnxHq
Folliculitis,High,Head And Shoulders Shampoo,https://rukminim1.flixcart.com/image/1536/1536/xif0q/shampoo/e/u/z/-original-imah9ky5bqhbkyhn.jpeg?q=90,https://www.flipkart.com/head-shoulders-cool-menthol-anti-dandruff-shampoo-scalp-protection/p/itm75826181813f3?pid=SMPFYG2TKZVPVRZF&lid=LSTSMPFYG2TKZVPVRZFYV5EBN&marketplace=FLIPKART&store=g9b%2Flcf%2Fqqm%2Ft36&srno=b_1_1&otracker=browse&fm=organic&iid=en_N9ZTNB8dGvlrlTs_zld7pZfE3WaKn83iAnYaNEnNZztuh0j8JK41oCsh5qY6sEsdJrTN4lp3b7j8KTf6v4M48vUFjCTyOHoHZs-Z5_PS_w0%3D&ppt=browse&ppn=browse&ssid=q32gwwun8g0000001771595884447&ov_redirect=true&ov_redirect=true
Folliculitis,High,Tea TreeShampoo,https://media.thebodyshop.in/media/catalog/product/1/0/1042609_tea_tree_purify_shampoo_250ml_bronze_nw_inagrps289_mgyxhc8j1rqifv5r.jpg?format=auto,https://www.thebodyshop.in/tea-tree-purifying-balancing-shampoo-250ml/p/p065000?srsltid=AfmBOor2171vK7Xz3AeuXa0WmBvIOh7u6hrPQtx1PQm4RsHoTiudk5kR
Head Lice,Low,Mediker Anti-Lice Shampoo,"https://images.apollo247.in/pub/media/catalog/product/m/e/med0116_1.jpg?tr=w-264,q-80,f-webp,dpr-false,c-at_max",https://www.apollopharmacy.in/otc/mediker-natural-hair-oil-50ml?utm_source=gmc&utm_source=google&utm_medium=pmax&campaignid=22434256725&adgroupid=&keyword=&device=c&adtype=pla&product_id=MED0116&utm_campaign=Pmax_Pharma_PLProducts_Topcities_TCPA_1404&utm_content=[adgroup]&gad_source=1&gad_campaignid=22440708134&gbraid=0AAAAACXO180kjVvDlks_5zjxeRwSzvGVH&gclid=Cj0KCQiAqeDMBhDcARIsAJEbU9TvxjJ3Gqwl5-tBDirMi-bZOlMjYVsnFpiXmQsotYwRhQcQx-9KUFMaAjd2EALw_wcB
Head Lice,Low,Licil Anti Lice Shampoo,"https://images.apollo247.in/pub/media/catalog/product/l/i/lic0006_111_1_.jpg?tr=w-264,q-80,f-webp,dpr-false,c-at_max",https://www.apollopharmacy.in/otc/licel-lice-killer-20ml?utm_source=gmc&utm_source=google&utm_medium=pmax&campaignid=22434256725&adgroupid=&keyword=&device=c&adtype=pla&product_id=LIC0006&utm_campaign=Pmax_Pharma_PLProducts_Topcities_TCPA_1404&utm_content=[adgroup]&gad_source=1&gad_campaignid=22440708134&gbraid=0AAAAACXO180kjVvDlks_5zjxeRwSzvGVH&gclid=Cj0KCQiAqeDMBhDcARIsAJEbU9Tlpo3rqwX52yxWf5gPmTFE3AJIFNc3HqxjSLaOQ7ZgUmHRvPawFRoaAgg4EALw_wcB
Head Lice,Low,Full Marks Lice Solution,https://encrypted-tbn2.gstatic.com/shopping?q=tbn:ANd9GcQTRzETFZYU-ydwOgYnvhqfihouVIsGyh8iqqy8Y3RRFLj90lgisP1UnxQW6Wyt7jlAhW7iCR2g0iHxTvs_WmbKg4YewAvQsxcDy53w7Nie_GqCuD_jPu5iwik,https://farmacianovadamaia.pt/en/head-lice-treatment/8456-fullmarks-treatment-lotion-100ml-5000158070103.html?utm_source=google&utm_medium=free_merchant&srsltid=AfmBOoqG3z4I5pnBn0N7q1AbpjDuXoNG_ukUcAOc3BvJetjtCvltmGczGOY
Head Lice,Low,Vasmol Anti Lice Treatment,https://rukminim1.flixcart.com/image/1536/1536/xif0q/combo-kit/y/e/h/black-hair-oil-100ml-2pc-and-madiker-natural-anti-lice-shampoo-original-imagwmk4gssjncwg.jpeg?q=90,https://www.flipkart.com/vasmol-black-hair-oil-100ml-2pc-madiker-natural-anti-lice-shampoo-50ml/p/itm915fd76284441
Head Lice,Moderate,Permite 5% Cream,"https://images.apollo247.in/pub/media/catalog/product/P/E/PER0036_1_1.jpg?tr=w-264,q-80,f-webp,dpr-false,c-at_max",https://www.apollopharmacy.in/otc/permite-cream-30gm?utm_source=gmc&utm_source=google&utm_medium=pmax&campaignid=22434256725&adgroupid=&keyword=&device=c&adtype=pla&product_id=PER0036&utm_campaign=Pmax_Pharma_PLProducts_Topcities_TCPA_1404&utm_content=[adgroup]&gad_source=1&gad_campaignid=22440708134&gbraid=0AAAAACXO180kjVvDlks_5zjxeRwSzvGVH&gclid=Cj0KCQiAqeDMBhDcARIsAJEbU9Rmet3KnW1ckpIkmiVxGghPg_yGKbQtVswoQFE4ovyhXibeZs_KKPIaAoKzEALw_wcB
Head Lice,Moderate,Scaboma Lotion,"https://images.apollo247.in/pub/media/catalog/product/s/c/sca0018_3.jpg?tr=w-264,q-80,f-webp,dpr-false,c-at_max",https://www.apollopharmacy.in/otc/scaboma-lotion-50ml?utm_source=gmc&utm_source=google&utm_medium=pmax&campaignid=22434256725&adgroupid=&keyword=&device=c&adtype=pla&product_id=SCA0018&utm_campaign=Pmax_Pharma_PLProducts_Topcities_TCPA_1404&utm_content=[adgroup]&gad_source=1&gad_campaignid=22440708134&gbraid=0AAAAACXO180kjVvDlks_5zjxeRwSzvGVH&gclid=Cj0KCQiAqeDMBhDcARIsAJEbU9SdP5wpdq4SMAMlkmJjVyXm3gnlQnWgOT50JG4ufv5AG4h3G3uc0uIaAo3MEALw_wcB
Head Lice,Moderate,Permethrin Lotion IP,https://5.imimg.com/data5/SELLER/Default/2024/5/415379426/VO/IC/PJ/216900280/permethrin-lotion-ip-5-0-w-v-1000x1000.jpg,http://indiamart.com/proddetail/permethrin-lotion-ip-5-0-w-v-2854001539712.html?srsltid=AfmBOorOsyaLJWQotkAvtJUsy9LPt3vZ8PIEYtnnsA5x2eFdVRYGtL5Z
Head Lice,Moderate,Nix Creme Rinse,https://encrypted-tbn3.gstatic.com/shopping?q=tbn:ANd9GcQQF1NuZ8XsS1YtZagnwlLcS6u-oNJ8UqFwRTpFe6aSo-4IWAbfKSlIUi9-FzXyd6ECpmYQfGlFw5CBV2doU5Sq5bdVRPSuWA,http://www.flipkart.com/nix-crme-rinse-family-pack-2x2-ounce-box/p/itm768dfdf86566b?pid=HTTGEMFJMAWFKWHH&lid=LSTHTTGEMFJMAWFKWHHLF9NTO&marketplace=FLIPKART&cmpid=content_hair-treatment_8965229628_gmc
Head Lice,High,Lindane Lotion IP,https://images.apollo247.in/pub/media/catalog/product/s/c/sca0018_3.jpg,https://www.apollopharmacy.in/otc/scaboma-lotion-50ml?srsltid=AfmBOoo5KoqD8R5XKtj6LoagoV8MztL0jCGVvraMOQsc8YNzRx7mJBBn
Head Lice,High,Benzyl Benzoate Lotion,https://encrypted-tbn2.gstatic.com/shopping?q=tbn:ANd9GcTVz7P485lb2I2FzGs8M9RxgAoBUT2bsa0OYiL_TS_1pgfr1s9v42MRM181Cmg0ZLyr90gcFS30OD-ka-bIQNrGcHIBXLL8,https://www.snowch.com/medicine/ramanathapuram/joyramedicals&surgicalscoimbatore/benzylbenzoatelotion400ml?srsltid=AfmBOoqPvnQGfmbkPgwWLfCzOdHXdG2kwTY3v02vpzb2Qm4VwFpEWYJo-4U
Head Lice,High,Soolantra Cream,https://media.sienahealth.com/product/soolantra-cream-10-1.png,https://www.sienahealth.com/product/soolantra-cream-10
Head Lice,High,Spinosad Topical Suspension,https://www.spinosadrx.com/wp-content/uploads/2021/07/spinosad-pkg-300x452.png,https://www.spinosadrx.com/scabies/
Lichen Planus,Low,Aveeno Dermexa Cream,https://www.clinikally.com/cdn/shop/files/AveenoDermexaDailyEmollientCream1.jpg?v=1730203573&width=800,https://www.clinikally.com/products/aveeno-dermexa-daily-emollient-cream?currency=INR&variant=43767647600887&stkn=aa4fff04d0da&utm_campaign=P-Max&utm_source=Google&utm_medium=Shopping+Ad&gad_source=1&gad_campaignid=17519849480&gbraid=0AAAAABUpsHLLZs8V1Sd2lniGh_oNobbVZ&gclid=Cj0KCQiAqeDMBhDcARIsAJEbU9QRcFBCrDpcYa0LNlM37eLwwr_Stlic2vJzuzH3F_qocui1oMdykS8aAl_eEALw_wcB
Lichen Planus,Low,Physiogel AI Lotion,https://www.clinikally.com/cdn/shop/products/Physiogeldailycalmingreliefaibodylotion100ml.jpg?v=1680779098&width=800,https://www.clinikally.com/products/physiogel-hypoallergenic-calming-relief-ai-body-lotion?currency=INR&variant=43064946360567&stkn=aa4fff04d0da&utm_campaign=P-Max&utm_source=Google&utm_medium=Shopping+Ad&gad_source=1&gad_campaignid=17519849480&gbraid=0AAAAABUpsHLLZs8V1Sd2lniGh_oNobbVZ&gclid=Cj0KCQiAqeDMBhDcARIsAJEbU9S412ulRzO-bKFAWsfzLbPum6yA9X8pcueDXHYBGyfP1mZ2JVJJAvkaAhjMEALw_wcB
Lichen Planus,Low,Bioderma Intensive Baume,"https://images.apollo247.in/pub/media/catalog/product/a/t/ato0557_1-jna24.jpg?tr=w-264,q-80,f-webp,dpr-false,c-at_max",https://www.apollopharmacy.in/otc/atoderm-intensive-baume-45ml?utm_source=gmc&utm_source=google&utm_medium=pmax&campaignid=22434256725&adgroupid=&keyword=&device=c&adtype=pla&product_id=ATO0557&utm_campaign=Pmax_Pharma_PLProducts_Topcities_TCPA_1404&utm_content=[adgroup]&gad_source=1&gad_campaignid=22440708134&gbraid=0AAAAACXO180kjVvDlks_5zjxeRwSzvGVH&gclid=Cj0KCQiAqeDMBhDcARIsAJEbU9QqICwatSqazCuPs73iQWJaYGsNuCOAOa_tyI1S7CwwZigq92iu-ZsaAi3tEALw_wcB
Lichen Planus,Low,Minimalist Marula Oil Cream,"https://images.apollo247.in/pub/media/catalog/product/m/i/min0636_1-dec23_1_.jpg?tr=w-264,q-80,f-webp,dpr-false,c-at_max",https://www.apollopharmacy.in/otc/minimalist-5-marula-oil-face-moisturizer-for-dry-skin-50g?utm_source=gmc&utm_source=google&utm_medium=pmax&campaignid=22434256725&adgroupid=&keyword=&device=c&adtype=pla&product_id=MIN0636&utm_campaign=Pmax_Pharma_PLProducts_Topcities_TCPA_1404&utm_content=[adgroup]&gad_source=1&gad_campaignid=22440708134&gbraid=0AAAAACXO180kjVvDlks_5zjxeRwSzvGVH&gclid=Cj0KCQiAqeDMBhDcARIsAJEbU9Q24ltvUj3TWZObY6N5mR3HtxYIUk4cNXrRhuWN3DNOkUdF1LpiwJEaAnClEALw_wcB
Lichen Planus,Low,Acnemoist Cream,https://encrypted-tbn2.gstatic.com/shopping?q=tbn:ANd9GcSn3eAdkn0ljjWvt41mjg1UjfN25D5EnzKWJ-hSe3ReyZheWYwsJ1lvL9O_BkYmD7G5aVBjNISVbwImTgDKM6o17pnoVM-xWN_s_rC2HhBrCYTNGoh1LBu4fJc,https://www.zepto.com/pn/acnemoist-cream/pvid/ce697c10-189d-484a-8203-0bed353c1435?srsltid=AfmBOoo4ikseAypy6y9zAgMmDUXuoeeXnlij44z2o9ejUuDzh5zacgsf7ww
Lichen Planus,Moderate,Topgraf Ointment,https://www.clinikally.com/cdn/shop/products/Tacrozvaluepack3_20g.jpg?v=1692180920&width=800,https://www.clinikally.com/products/tacroz-ointment?currency=INR&variant=43637570666743&stkn=aa4fff04d0da&utm_campaign=P-Max&utm_source=Google&utm_medium=Shopping+Ad&gad_source=1&gad_campaignid=17519849480&gbraid=0AAAAABUpsHLLZs8V1Sd2lniGh_oNobbVZ&gclid=Cj0KCQiAqeDMBhDcARIsAJEbU9RrNbMYr0_1lQq-fLY8-Yjf0ANbauc7Jfg-1xiI6Rx1WKT-xAN7y6caAuYPEALw_wcB
Lichen Planus,Moderate,Tacrolimus Ointment IP,https://cpimg.tistatic.com/04391039/b/4/Tacrolimus-Ointment-IP.jpg,http://tradeindia.com/products/tacrolimus-ointment-0-03-c7237579.html
Lichen Planus,Moderate,Elidel Cream,"https://images.apollo247.in/pub/media/catalog/product/E/L/ELI0008_1_1.jpg?tr=w-264,q-80,f-webp,dpr-false,c-at_max",https://www.apollopharmacy.in/medicine/elidel-1-cream-10gm?srsltid=AfmBOop9g6Agf_WDhp9VjH3M8-9rqG1Owzilfd0WEDVK1KS0XFdL6_0U
Lichen Planus,Moderate,Halobetasol Ointment,https://www.padagis.com/wp-content/uploads/2025/09/4C614cartontube-scaled.png,https://www.padagis.com/product/halobetasol-propionate-cream-0-05/
Lichen Planus,High,Sulphate Free Shampoo,https://encrypted-tbn3.gstatic.com/shopping?q=tbn:ANd9GcSe9JsQDqBHK60LRacn41L_3TuztY-VsiRnkfPeuR3KHv_N83WFLawfXYGL57R0qH3vxiwVuaaNPiFBSadJHZfWCMVQsgn9x3rCab74YiJKrNR63V1juocEBSY,http://www.myntra.com/Shampoo/Pilgrim/Pilgrim-Sulfate-Free-Shampoo-with-Argan-Oil-Camellia--White-Lotus-for-Dry--Frizzy-Hair/15797462/buy
Lichen Planus,High,Ketokonazole Shampoo,https://www.clinikally.com/cdn/shop/files/Ketocip2_Shampoo6.jpg?v=1729236535&width=800,https://www.clinikally.com/products/ketocip-2-shampoo?currency=INR&variant=49152637665527&stkn=aa4fff04d0da&utm_campaign=P-Max&utm_source=Google&utm_medium=Shopping+Ad&gad_source=1&gad_campaignid=17519849480&gbraid=0AAAAABUpsHLLZs8V1Sd2lniGh_oNobbVZ&gclid=Cj0KCQiAqeDMBhDcARIsAJEbU9RedM19RSft0tjJzQv9c_XjpWPPcJipfkitkWB9RSD_jzroQZDcR70aAlzCEALw_wcB
Lichen Planus,High,Psoritis Shampoo,https://encrypted-tbn3.gstatic.com/shopping?q=tbn:ANd9GcQgYtfZFKYhLanbTVjV5q1lMIIXnANLJVcyK806tgyoI5H5_JRTIUQAgQE_8hGmG44B-d3jb4q3IwYdfzy0mrGOYGC2YMHLCazMbdIUb4B2Y9IALIjyv6VYLg,https://www.gosupps.com/psoritis-10-urea-shampoo-seborrheic-and-psoriasis-prone-scalp-dermatitis-dandruff-pityriasis-ichthyosis-irritated-flaky-inflamed-skin-moisturizing-wheat-germ.html
Lichen Planus,High,Tea Tree Oil,https://www.brillare.co.in/cdn/shop/files/Brillare-Tea-Tree-Hair-Oil-100ml-1_dc8cde73-f5be-418a-92be-d96720062a4d.jpg?v=1748868541&width=1100,https://www.brillare.co.in/products/tea-tree-hair-oil-for-dandruff-control?variant=42666045210801&country=IN&currency=INR&utm_medium=product_sync&utm_source=google&utm_content=sag_organic&utm_campaign=sag_organic&utm_source=Google&utm_medium=PPC&utm_campaign=LD-Standard_Shopping-Hair_Range&utm_content={Adgroup}&gad_source=1&gad_campaignid=21928273322&gbraid=0AAAAADk-TgWBcxjJlFDa7fxM156dUIVe4&gclid=Cj0KCQiAqeDMBhDcARIsAJEbU9QjxGBYGxvWMbcuMpJpXymaTjQFthQoumNgEZkMZALfPDuGYvW8EM4aAlltEALw_wcB
Male Pattern Baldness,Low,Indulekha Bringha Shampoo,https://m.media-amazon.com/images/I/71GpXvcTRUL._SY879_.jpg,https://www.flipkart.com/indulekha-bringha-shampoo/p/itmxxxxxx
Male Pattern Baldness,Low,Indulekha Bringha Ayurvedic Oil,https://rukminim2.flixcart.com/image/1536/1536/xif0q/hair-oil/n/h/g/100-na-indulekha-original-imahbyte7qfeyrgp.jpeg?q=90,https://www.flipkart.com/indulekha-hair-oil/p/itmewfbky8jywhpg
Male Pattern Baldness,Moderate,Re'equil Hair Fall Control Shampoo,https://rukminim1.flixcart.com/image/1536/1536/xif0q/shampoo/c/y/e/250-0-hair-fall-control-shampoo-re-equil-original-imahersf9vm7r7pq.jpeg?q=90,https://www.flipkart.com/re-equil-hair-fall-control-shampoo/p/itmfd2guabtbfdcm
Male Pattern Baldness,Moderate,Castor / Rosemary Oil (Rey Naturals),https://rukminim1.flixcart.com/image/1536/1536/xif0q/hair-oil/a/t/q/400-cold-pressed-100-pure-castor-oil-moisturizing-healing-for-original-imahkhpq9gmkgrmh.jpeg?q=90,https://www.flipkart.com/q/castor-oil
Male Pattern Baldness,High,Man Matters DHT Blocker Anti Hair Fall Shampoo,https://rukminim1.flixcart.com/image/1536/1536/xif0q/shampoo/p/c/a/400-anti-hair-fall-shampoo-for-men-dht-blocker-sulphate-paraben-original-imagzw5ge8gjzb5b.jpeg?q=90,https://www.flipkart.com/man-matters-anti-hair-fall-shampoo-men-dht-blocker-sulphate-paraben-free/p/itme94c61124bd0f
Male Pattern Baldness,High,Man Matters Rosemary Hair Oil (bundle),https://rukminim1.flixcart.com/image/1536/1536/xif0q/shampoo/x/m/k/-original-imah8867dsnmzaqp.jpeg?q=90,https://www.flipkart.com/man-matters-anti-hair-fall-dht-blocking-shampoo-300ml-5-rosemary-oil-100ml/p/itm96d644bfe0735
Psoriasis,Low,Head & Shoulders Anti-Dandruff Shampoo (brand page),https://rukminim1.flixcart.com/image/1536/1536/xif0q/shampoo/e/u/z/-original-imah9ky5bqhbkyhn.jpeg?q=90,https://www.flipkart.com/beauty-and-personal-care/hair-care/shampoos/head-shoulders~brand/pr?sid=t06%2Cb7e%2Cmz1
Psoriasis,Low,Tea Tree Essential Oil (Parachute Adv/various),https://rukminim1.flixcart.com/image/1536/1536/xif0q/bath-essential-oil/q/i/i/15-tea-tree-oil-for-skin-hair-and-acne-care-tea-tree-essential-original-imagnq7wyfgnaz4h.jpeg?q=90,https://www.flipkart.com/q/tea-tree-oil
Psoriasis,Moderate,Cipla Tugain Essentials 2% Ketoconazole Shampoo,https://rukminim1.flixcart.com/image/1536/1536/xif0q/allopathy/q/t/j/-original-imahfb6mrt92tezz.jpeg?q=90,https://www.flipkart.com/cipla-tugain-essentials-2-ketoconazole-anti-dandruff-shampoo-itchy-flaky-scalp-liquid/p/itmb0bcac93c1f17
Psoriasis,Moderate,Parachute 100% Pure Coconut Oil,https://rukminim1.flixcart.com/image/1536/1536/xif0q/hair-oil/8/m/l/601-100-pure-coconut-bottle-parachute-original-imagmaqhejudyhmk.jpeg?q=90,https://www.flipkart.com/parachute-pure-coconut-hair-oil/p/itmf95c2qhwmjyhw
Psoriasis,High,BROER C-TAR Coal Tar Shampoo (coal tar),https://rukminim1.flixcart.com/image/1536/1536/xif0q/shampoo/d/u/g/200-c-tar-anti-dandruff-coal-tar-shampoo-with-salicylic-acid-2-w-original-imah5p7fq9pdxms5.jpeg?q=90,https://www.flipkart.com/broer-c-tar-anti-dandruff-coal-tar-shampoo-salicylic-acid-2-w-w-mem-women/p/itm39306e3bf2cb3
Psoriasis,High,Castor Oil (Royal / Organic Indus),https://rukminim1.flixcart.com/image/1536/1536/xif0q/hair-oil/m/h/m/100-cold-pressed-castor-oil-for-skin-hair-oil-100ml-cargo-original-imahjnfrgpuvrf7g.jpeg?q=90,https://www.flipkart.com/q/castor-oil
Seborrheic Dermatitis,Low,Head & Shoulders Anti-Dandruff Shampoo,https://rukminim1.flixcart.com/image/1536/1536/xif0q/shampoo/a/8/v/-original-imah9ky5sedvhdtd.jpeg?q=90,https://www.flipkart.com/beauty-and-personal-care/hair-care/shampoos/head-shoulders~brand/pr?sid=t06%2Cb7e%2Cmz1
Seborrheic Dermatitis,Low,Tea Tree Oil (essentials),https://rukminim1.flixcart.com/image/1536/1536/xif0q/bath-essential-oil/9/f/s/15-tea-tree-oil-for-skin-hair-and-acne-care-tea-tree-essential-original-imahkhpvzxn5nbmc.jpeg?q=90,https://www.flipkart.com/q/tea-tree-oil
Seborrheic Dermatitis,Moderate,Ketocip / Ketoconazole 2% Shampoo (Ketocip),https://cdn01.pharmeasy.in/dam/productsnowatermark/I15387/ketocip-2-shampoo-100ml-front-2-1760078599-non-watermark.jpg?dim=700x0&dpr=1&q=100,https://www.flipkart.com/ketocip-shampoo-2-w-v-pack-two-200ml/p/itmfg8umw7xt2t4e
Seborrheic Dermatitis,Moderate,Parachute Coconut Oil,https://rukminim1.flixcart.com/image/1536/1536/xif0q/hair-oil/8/m/l/601-100-pure-coconut-bottle-parachute-original-imagmaqhejudyhmk.jpeg?q=90,https://www.flipkart.com/parachute-pure-coconut-hair-oil/p/itmf95c2qhwmjyhw
Seborrheic Dermatitis,High,8X / Ciclopirox-containing Shampoo (8X product),https://rukminim1.flixcart.com/image/1536/1536/xif0q/rx-medicine/e/z/x/-original-imahgfdgqyzkz8hh.jpeg?q=90,https://www.flipkart.com/8x-shampoo-120-ml/p/itmbd876112c6604
Seborrheic Dermatitis,High,Castor Oil,https://rukminim2.flixcart.com/image/612/612/xif0q/hair-oil/z/i/c/200-cold-pressed-100-pure-castor-hair-oil-moisturizing-healing-original-imahkhpbaebgptbk.jpeg?q=70,https://www.flipkart.com/q/castor-oil
Telogen Effluvium,Low,BBlunt Hair Fall Control Shampoo,https://rukminim1.flixcart.com/image/1536/1536/xif0q/shampoo/i/h/m/550-hair-fall-control-shampoo-conditioner-with-pea-protein-original-imah2x86canggrgv.jpeg?q=90,https://www.flipkart.com/bblunt-hair-fall-control-shampoo-conditioner-pea-protein-caffeine-300ml-250ml/p/itm9b78bea033aa3
Telogen Effluvium,Low,Parachute Coconut Oil,https://rukminim1.flixcart.com/image/1536/1536/xif0q/hair-oil/8/m/l/601-100-pure-coconut-bottle-parachute-original-imagmaqhejudyhmk.jpeg?q=90,https://www.flipkart.com/parachute-pure-coconut-hair-oil/p/itmf95c2qhwmjyhw
Telogen Effluvium,Moderate,Re'equil Hair Fall Control Shampoo,https://rukminim1.flixcart.com/image/1536/1536/xif0q/shampoo/c/y/e/250-0-hair-fall-control-shampoo-re-equil-original-imahersf9vm7r7pq.jpeg?q=90,https://www.flipkart.com/re-equil-hair-fall-control-shampoo/p/itmfd2guabtbfdcm
Telogen Effluvium,Moderate,Castor / Rosemary Oil (Rey Naturals),https://rukminim2.flixcart.com/image/612/612/xif0q/hair-oil/i/l/t/150-castor-oil-with-100-pure-cold-pressed-castor-oil-for-skin-original-imahd6xapfqfzcyn.jpeg?q=70,https://www.flipkart.com/q/castor-oil
Telogen Effluvium,High,Cipla Tugain / Biotin-containing Hair Fall Shampoo,https://rukminim1.flixcart.com/image/1536/1536/xif0q/allopathy/q/t/j/-original-imahfb6mrt92tezz.jpeg?q=90,https://www.flipkart.com/cipla-tugain-essentials-2-ketoconazole-anti-dandruff-shampoo-itchy-flaky-scalp-liquid/p/itmb0bcac93c1f17
Telogen Effluvium,High,Indulekha Bringha Oil,https://rukminim1.flixcart.com/image/1536/1536/xif0q/hair-oil/n/h/g/100-na-indulekha-original-imahbyte7qfeyrgp.jpeg?q=90,https://www.flipkart.com/indulekha-hair-oil/p/itmewfbky8jywhpg
Tinea Capitis,Low,Selenium Sulfide AntiDandruff Shampoo (generic),https://rukminim1.flixcart.com/image/1536/1536/jhgl5e80/shampoo/8/f/h/207-02-special-selenium-sulf-dandr-shampoo-rugb-generic-original-imaf4n4ygxtehw3y.jpeg?q=90,https://www.flipkart.com/generic-selenium-sulfide-antidandruff-shampoo/p/itmf4n6htyqfzbmy
Tinea Capitis,Low,Tea Tree Oil (essential),https://rukminim1.flixcart.com/image/1536/1536/xif0q/bath-essential-oil/q/i/i/15-tea-tree-oil-for-skin-hair-and-acne-care-tea-tree-essential-original-imagnq7wyfgnaz4h.jpeg?q=90,https://www.flipkart.com/q/tea-tree-oil
Tinea Capitis,Moderate,Ketoconazole 2% Shampoo (Cipla Tugain),https://rukminim1.flixcart.com/image/1536/1536/xif0q/allopathy/q/t/j/-original-imahfb6mrt92tezz.jpeg?q=90,https://www.flipkart.com/cipla-tugain-essentials-2-ketoconazole-anti-dandruff-shampoo-itchy-flaky-scalp-liquid/p/itmb0bcac93c1f17
Tinea Capitis,Moderate,Parachute Coconut Oil,https://rukminim1.flixcart.com/image/1536/1536/xif0q/hair-oil/8/m/l/601-100-pure-coconut-bottle-parachute-original-imagmaqhejudyhmk.jpeg?q=90,https://www.flipkart.com/parachute-pure-coconut-hair-oil/p/itmf95c2qhwmjyhw
Tinea Capitis,High,Prescription-strength antifungal shampoo (Ketoconazole/Ciclopirox) - example Ketocip/Cipla Tugain,https://cdn01.pharmeasy.in/dam/productsnowatermark/I15387/ketocip-2-shampoo-100ml-front-2-1760078599-non-watermark.jpg?dim=700x0&dpr=1&q=100,https://www.flipkart.com/ketocip-shampoo-2-w-v-pack-two-200ml/p/itmfg8umw7xt2t4e
Tinea Capitis,High,Tea Tree Oil (pure essential),https://rukminim1.flixcart.com/image/1536/1536/xif0q/bath-essential-oil/q/i/i/15-tea-tree-oil-for-skin-hair-and-acne-care-tea-tree-essential-original-imagnq7wyfgnaz4h.jpeg?q=90,https://www.flipkart.com/q/tea-tree-oil
